g4.t1	sp|Q5HSF8|RNC_CAMJR	31.535	241	131	7	1562	1794	7	221	7.38e-18	88.2
g4.t1	sp|Q310Z1|RNC_OLEA2	32.237	152	77	3	1559	1707	2	130	9.43e-09	61.6
g4.t1	sp|Q310Z1|RNC_OLEA2	38.710	93	51	2	1345	1431	4	96	1.28e-06	55.1
g5.t1	sp|Q9HSF3|IPYR_HALSA	45.087	173	94	1	33	204	2	174	1.40e-47	157
g19.t1	sp|A0A1D6HSP4|C92C5_MAIZE	33.865	502	279	18	69	531	34	521	6.00e-69	234
g23.t1	sp|Q9LYD3|DREB3_ARATH	70.115	87	26	0	36	122	47	133	3.83e-38	134
g25.t1	sp|A0A1D6HSP4|C92C5_MAIZE	36.329	523	306	11	6	510	15	528	1.22e-97	308
g26.t1	sp|Q316U6|MOAC_OLEA2	46.104	154	83	0	114	267	3	156	8.72e-39	136
g44.t1	sp|O03983|LEA14_ARATH	100.000	151	0	0	1	151	1	151	3.63e-106	302
g44.t1	sp|P46518|LEA14_GOSHI	70.861	151	44	0	1	151	1	151	9.91e-76	225
g44.t1	sp|P46519|LEA14_SOYBN	69.536	151	46	0	1	151	1	151	2.63e-75	224
g44.t1	sp|O82355|LEA2R_ARATH	61.589	151	58	0	1	151	16	166	1.33e-62	192
g51.t1	sp|Q9LEA3|LRK56_ARATH	37.229	231	109	4	129	356	318	515	7.53e-38	148
g57.t1	sp|A0A1D6HSP4|C92C5_MAIZE	23.800	479	295	16	29	478	41	478	5.64e-15	81.3
g71.t1	sp|Q9LEA3|LRK56_ARATH	30.653	199	123	5	39	225	321	516	5.50e-15	80.9
g76.t1	sp|Q9X756|KEFC_KLEAE	33.224	611	347	11	598	1195	15	577	9.01e-70	249
g77.t1	sp|A0AAW1NHX6|SDR1_SAPOF	51.667	300	133	2	33	332	14	301	8.02e-107	317
g82.t1	sp|Q30ZP0|RSMA_OLEA2	27.835	291	183	9	657	941	5	274	1.99e-23	104
g97.t1	sp|P22926|CHSF_PETHY	38.560	389	230	5	12	393	2	388	7.36e-87	271
g124.t1	sp|Q9LEA7|GL18_ARATH	49.315	146	71	1	1	143	77	222	1.55e-45	150
g132.t1	sp|Q8LEA2|G2OX1_ARATH	45.938	320	161	6	15	327	6	320	1.05e-86	266
g146.t1	sp|Q30Z79|CLPP_OLEA2	56.915	188	75	1	332	513	2	189	6.03e-66	215
g171.t1	sp|Q9SRX6|LEA2_ARATH	100.000	91	0	0	1	91	1	91	1.48e-61	184
g171.t1	sp|Q39644|LEA5_CITSI	44.086	93	49	1	1	90	1	93	2.39e-17	73.2
g171.t1	sp|P46522|LEA5D_GOSHI	36.634	101	53	2	1	90	1	101	4.15e-13	62.4
g171.t1	sp|P46521|LEA5A_GOSHI	36.893	103	50	4	1	90	1	101	4.05e-12	60.1
g171.t1	sp|Q39084|LEA41_ARATH	44.000	100	43	6	2	90	3	100	6.24e-12	59.7
g171.t1	sp|Q9M349|LEA37_ARATH	48.649	37	19	0	55	91	82	118	9.22e-08	49.3
g197.t1	sp|Q30XN3|PURT_OLEA2	24.540	326	216	12	40	360	14	314	3.82e-06	53.5
g201.t1	sp|Q9SA57|LEA3_ARATH	100.000	182	0	0	1	182	1	182	2.03e-129	363
g201.t1	sp|Q9LJ97|LEA31_ARATH	54.032	124	57	0	58	181	136	259	3.40e-34	124
g201.t1	sp|Q8GWT7|LEA47_ARATH	47.170	159	80	2	22	180	36	190	4.01e-33	119
g201.t1	sp|Q9LJ95|LEA32_ARATH	51.587	126	61	0	57	182	129	254	7.63e-32	118
g201.t1	sp|P09444|LEA34_GOSHI	55.906	127	56	0	56	182	136	262	1.01e-29	112
g201.t1	sp|Q9FK15|LEA49_ARATH	40.164	122	73	0	59	180	50	171	6.85e-21	87.8
g201.t1	sp|Q9FK14|LEA50_ARATH	40.496	121	72	0	59	179	31	151	7.72e-20	84.3
g227.t1	sp|Q8LEA2|G2OX1_ARATH	24.127	315	207	9	56	350	18	320	4.05e-21	95.9
g228.t1	sp|Q8LEA2|G2OX1_ARATH	26.970	330	200	14	50	359	11	319	2.05e-23	102
g262.t1	sp|Q9LYD3|DREB3_ARATH	47.778	90	43	2	20	109	22	107	3.47e-16	78.2
g313.t1	sp|Q8LEA2|G2OX1_ARATH	25.161	310	189	11	58	340	18	311	1.04e-11	68.6
g315.t1	sp|Q9LYD3|DREB3_ARATH	52.632	76	35	1	2	77	33	107	7.49e-19	82.0
g316.t1	sp|Q8LEA2|G2OX1_ARATH	29.508	305	184	13	39	325	11	302	1.60e-24	105
g319.t1	sp|Q6HSF4|MDH_BACAN	25.926	162	113	5	41	199	34	191	4.12e-07	54.3
g326.t1	sp|Q30Z52|RL14_OLEA2	38.017	121	67	4	20	136	2	118	7.67e-15	69.3
g344.t1	sp|Q30XT7|LIPB_OLEA2	33.155	187	123	2	7	193	1	185	1.56e-28	110
g380.t1	sp|Q8LEA2|G2OX1_ARATH	29.818	275	172	10	27	287	35	302	2.13e-27	112
g395.t1	sp|Q30Z57|RL6_OLEA2	49.171	181	88	3	44	223	2	179	2.25e-49	162
g494.t1	sp|Q9LYD3|DREB3_ARATH	60.345	58	22	1	82	139	51	107	1.10e-15	77.0
g523.t1	sp|Q4UJB1|HSPC4_RICFE	37.255	102	57	1	183	284	57	151	2.63e-16	77.8
g523.t1	sp|Q4UKR8|HSPC2_RICFE	35.354	99	57	1	186	284	50	141	2.24e-13	69.7
g523.t1	sp|Q03928|HSP18_CLOAB	28.571	98	64	2	187	284	46	137	6.15e-08	54.3
g523.t1	sp|P46516|HSP21_HELAN	32.292	96	57	3	188	282	53	141	2.41e-07	52.8
g523.t1	sp|Q01545|HSP22_IPONI	31.250	96	60	2	188	282	58	148	2.85e-07	52.8
g523.t1	sp|Q6Z6L5|HSP19_ORYSJ	29.670	91	61	2	193	282	58	146	4.22e-07	52.4
g523.t1	sp|P05477|HSP21_SOYBN	30.526	95	60	1	188	282	52	140	1.95e-06	50.1
g523.t1	sp|O14368|HSP16_SCHPO	27.815	151	85	6	138	285	2	131	4.30e-06	48.9
g523.t1	sp|P19244|HSP41_PEA	31.000	100	61	3	187	285	76	168	4.59e-06	49.7
g523.t1	sp|P27880|HSP12_MEDSA	28.713	101	64	3	185	284	50	143	6.61e-06	48.5
g523.t1	sp|Q01544|HSP21_IPONI	29.474	95	62	1	188	282	47	136	9.36e-06	48.1
g537.t1	sp|Q8LEA2|G2OX1_ARATH	29.206	315	185	14	47	338	2	301	2.88e-18	90.5
g538.t1	sp|Q8LEA2|G2OX1_ARATH	24.695	328	174	12	48	326	4	307	1.12e-13	76.3
g538.t1	sp|Q8LEA2|G2OX1_ARATH	24.922	321	165	13	417	685	6	302	3.44e-10	65.9
g539.t1	sp|Q8LEA2|G2OX1_ARATH	25.634	355	193	14	48	382	4	307	9.37e-19	89.7
g557.t1	sp|Q9LEA3|LRK56_ARATH	38.272	243	133	7	572	805	280	514	4.96e-36	147
g590.t1	sp|Q96UX5|HSP78_CANAL	22.910	598	367	27	218	775	109	652	9.05e-09	63.2
g590.t1	sp|P31540|HSP98_NEUCR	30.636	173	105	4	625	784	597	767	5.09e-07	57.8
g590.t1	sp|P33416|HSP78_YEAST	29.167	168	92	6	625	775	502	659	2.34e-06	55.5
g601.t1	sp|Q30Z43|RL4_OLEA2	41.916	167	91	2	94	260	44	204	4.32e-32	120
g608.t1	sp|P02519|HSP11_SOYBN	74.522	157	36	2	1	157	1	153	4.04e-79	234
g608.t1	sp|P04793|HSP13_SOYBN	74.522	157	36	3	1	157	1	153	8.99e-79	233
g608.t1	sp|P27880|HSP12_MEDSA	73.457	162	34	4	1	157	1	158	4.12e-76	226
g608.t1	sp|P05478|HSP16_SOYBN	69.697	165	38	3	1	157	1	161	7.14e-76	226
g608.t1	sp|P04794|HSP14_SOYBN	72.785	158	38	4	1	157	1	154	9.26e-76	225
g608.t1	sp|P04795|HSP15_SOYBN	69.620	158	43	3	1	157	1	154	1.69e-73	219
g608.t1	sp|O82012|HSP12_SOLPE	75.159	157	36	2	1	157	1	154	5.31e-71	213
g608.t1	sp|P30221|HSP11_SOLLC	73.248	157	39	2	1	157	1	154	1.72e-70	212
g608.t1	sp|O82011|HSP11_SOLPE	73.248	157	39	2	1	157	1	154	2.72e-70	211
g608.t1	sp|P27879|HSP11_MEDSA	71.724	145	33	2	19	157	1	143	8.92e-67	202
g608.t1	sp|P19243|HSP11_PEA	72.840	162	35	5	1	157	1	158	1.48e-65	200
g608.t1	sp|P30693|HSP11_HELAN	71.338	157	41	4	1	157	1	153	3.67e-64	196
g608.t1	sp|P19036|HSP17_ARATH	66.875	160	46	4	1	157	1	156	1.24e-63	195
g608.t1	sp|P27396|HSP11_DAUCA	67.702	161	44	4	1	157	1	157	8.00e-62	190
g608.t1	sp|Q05832|HSP11_OXYRB	68.485	165	37	6	1	155	1	160	6.34e-56	175
g608.t1	sp|P27397|HSP12_DAUCA	63.804	163	49	4	1	157	1	159	4.25e-53	168
g608.t1	sp|Q38806|HSP22_ARATH	54.348	138	54	4	20	148	34	171	2.15e-41	140
g608.t1	sp|P19244|HSP41_PEA	51.880	133	56	3	24	148	43	175	5.25e-40	136
g608.t1	sp|P30236|HSP41_SOYBN	48.649	148	65	4	20	157	29	175	4.48e-36	126
g608.t1	sp|P02520|HSP12_SOYBN	73.684	76	18	1	82	157	1	74	8.68e-32	111
g608.t1	sp|Q652V8|HSP16_ORYSJ	38.235	136	76	4	28	156	9	143	7.59e-25	96.3
g608.t1	sp|Q01545|HSP22_IPONI	46.000	100	52	2	41	138	49	148	3.02e-21	87.4
g608.t1	sp|P46516|HSP21_HELAN	41.837	98	57	0	41	138	44	141	4.70e-21	87.0
g608.t1	sp|P05477|HSP21_SOYBN	40.816	98	58	0	41	138	43	140	1.18e-20	85.9
g608.t1	sp|O82013|HSP21_SOLPE	44.898	98	54	0	41	138	39	136	3.31e-18	79.3
g608.t1	sp|Q4UKR8|HSPC2_RICFE	34.783	138	80	4	15	151	25	153	3.34e-18	79.3
g608.t1	sp|P24632|HSP22_MAIZE	41.837	98	57	0	41	138	48	145	1.58e-17	77.8
g608.t1	sp|P24631|HSP21_MAIZE	47.368	95	47	2	44	138	51	142	1.87e-17	77.4
g608.t1	sp|Q08275|HSP23_MAIZE	43.878	98	54	1	41	138	39	135	3.12e-17	76.6
g608.t1	sp|Q6Z6L5|HSP19_ORYSJ	42.157	102	52	2	44	138	45	146	8.01e-17	76.3
g608.t1	sp|O14368|HSP16_SCHPO	36.364	154	80	6	1	150	1	140	1.29e-16	75.1
g608.t1	sp|Q01544|HSP21_IPONI	41.667	108	62	1	41	147	38	145	3.59e-16	73.9
g608.t1	sp|P19242|HSP21_PEA	40.000	110	65	1	30	138	24	133	1.01e-15	72.8
g608.t1	sp|Q4UJB1|HSPC4_RICFE	31.200	125	84	2	24	147	35	158	4.29e-15	71.6
g608.t1	sp|Q5VRY1|HSP18_ORYSJ	38.235	102	59	1	41	138	46	147	2.36e-14	69.7
g608.t1	sp|Q03928|HSP18_CLOAB	34.862	109	65	4	49	155	46	150	1.59e-11	62.0
g608.t1	sp|Q93TV7|HSP15_LEPIN	35.185	108	67	2	45	152	25	129	2.55e-11	60.8
g608.t1	sp|Q72QA1|HSP15_LEPIC	35.185	108	67	2	45	152	25	129	2.55e-11	60.8
g608.t1	sp|Q53595|HSP18_STRAL	29.839	124	83	2	27	147	6	128	3.90e-10	58.2
g608.t1	sp|P15992|HSP26_YEAST	33.117	154	93	7	11	156	56	207	2.18e-09	57.4
g608.t1	sp|P40920|HSP30_EMENI	27.692	130	57	2	49	141	41	170	1.10e-08	54.7
g608.t1	sp|O74984|HSP15_SCHPO	35.870	92	57	2	50	140	36	126	2.76e-08	53.1
g608.t1	sp|Q4UJB0|HSPC3_RICFE	23.077	130	91	3	20	149	71	191	3.44e-07	50.8
g608.t1	sp|P81958|HSP16_ONYPE	29.000	100	66	2	42	137	22	120	3.90e-07	49.7
g608.t1	sp|P19752|HSP30_NEUCR	50.000	48	21	1	104	151	180	224	1.68e-06	49.3
g612.t1	sp|P54795|MOAE_KLEAE	33.793	145	85	2	123	257	105	248	1.10e-14	75.1
g612.t1	sp|P00335|RIDH_KLEAE	26.582	237	166	3	1	237	1	229	3.80e-14	73.6
g613.t1	sp|P00335|RIDH_KLEAE	26.840	231	153	5	7	233	11	229	7.73e-14	72.4
g613.t1	sp|P54795|MOAE_KLEAE	31.288	163	98	7	102	253	89	248	1.35e-12	68.9
g614.t1	sp|Q9LEA3|LRK56_ARATH	36.299	281	145	8	45	317	33	287	2.21e-38	145
g614.t1	sp|P02873|LEA1_PHAVU	27.273	242	125	9	28	261	26	224	2.12e-10	63.5
g614.t1	sp|Q41114|LEA2_PHAVU	26.446	242	125	10	28	261	24	220	3.30e-07	53.9
g624.t1	sp|Q9LEA3|LRK56_ARATH	33.475	236	148	5	507	734	280	514	5.09e-32	136
g625.t1	sp|Q9LEA3|LRK56_ARATH	37.860	243	138	6	501	734	278	516	2.28e-38	154
g626.t1	sp|Q9LEA3|LRK56_ARATH	42.791	215	108	5	44	255	313	515	2.67e-40	153
g629.t1	sp|Q30XW0|OBG_OLEA2	37.452	259	125	8	761	1012	108	336	1.77e-35	142
g632.t1	sp|Q9LEA3|LRK56_ARATH	39.592	245	142	4	717	957	273	515	1.23e-41	164
g650.t1	sp|P0C2F6|RNHX1_ARATH	65.203	296	103	0	98	393	323	618	1.59e-139	414
g656.t1	sp|Q9LEA3|LRK56_ARATH	39.487	195	115	2	91	283	323	516	1.37e-39	154
g661.t1	sp|Q30X13|EFTU_OLEA2	31.746	441	243	16	1	429	1	395	1.89e-44	162
g662.t1	sp|Q30X13|EFTU_OLEA2	31.746	441	243	16	1	429	1	395	1.89e-44	162
g663.t1	sp|Q30X13|EFTU_OLEA2	31.746	441	243	16	1	429	1	395	1.89e-44	162
g760.t1	sp|Q313S5|GATA_OLEA2	40.741	162	94	1	28	189	70	229	1.39e-16	85.1
g770.t1	sp|P19208|HSP7C_CAEBR	67.987	631	195	4	40	665	33	661	0.0	861
g770.t1	sp|P27420|HSP7C_CAEEL	67.670	631	197	4	40	665	33	661	0.0	860
g770.t1	sp|Q9U639|HSP7D_MANSE	64.967	608	211	2	42	648	6	612	0.0	824
g770.t1	sp|Q9S9N1|HSP7E_ARATH	64.262	610	213	3	43	648	9	617	0.0	822
g770.t1	sp|Q71U34|HSP7C_SAGOE	64.426	610	215	2	40	648	4	612	0.0	822
g770.t1	sp|P63018|HSP7C_RAT	64.426	610	215	2	40	648	4	612	0.0	822
g770.t1	sp|P63017|HSP7C_MOUSE	64.426	610	215	2	40	648	4	612	0.0	822
g770.t1	sp|P11142|HSP7C_HUMAN	64.426	610	215	2	40	648	4	612	0.0	822
g770.t1	sp|A2Q0Z1|HSP7C_HORSE	64.426	610	215	2	40	648	4	612	0.0	822
g770.t1	sp|P19120|HSP7C_BOVIN	64.426	610	215	2	40	648	4	612	0.0	822
g770.t1	sp|Q5NVM9|HSP7C_PONAB	64.262	610	216	2	40	648	4	612	0.0	820
g770.t1	sp|P08106|HSP70_CHICK	64.379	612	214	2	40	648	5	615	0.0	818
g770.t1	sp|P19378|HSP7C_CRIGR	64.262	610	216	2	40	648	4	612	0.0	817
g770.t1	sp|P09189|HSP7C_PETHY	63.040	625	225	4	40	659	7	630	0.0	816
g770.t1	sp|Q9TUG3|HSP72_CAPHI	64.216	612	215	2	40	648	5	615	0.0	816
g770.t1	sp|P09446|HSP1_CAEEL	64.368	609	214	3	42	648	6	613	0.0	815
g770.t1	sp|P54652|HSP72_HUMAN	64.216	612	215	2	40	648	5	615	0.0	815
g770.t1	sp|O73885|HSP7C_CHICK	63.934	610	218	2	40	648	4	612	0.0	814
g770.t1	sp|P08108|HSP70_ONCMY	63.607	610	220	2	40	648	4	612	0.0	814
g770.t1	sp|P14659|HSP72_RAT	64.052	612	216	2	40	648	5	615	0.0	813
g770.t1	sp|P17156|HSP72_MOUSE	64.052	612	216	2	40	648	5	615	0.0	813
g770.t1	sp|P34933|HSP72_BOVIN	64.052	612	216	2	40	648	5	615	0.0	813
g770.t1	sp|P26413|HSP70_SOYBN	62.600	623	228	3	38	656	4	625	0.0	813
g770.t1	sp|Q5R7D3|HSP71_PONAB	63.383	609	221	2	40	647	4	611	0.0	811
g770.t1	sp|P27322|HSP72_SOLLC	62.379	622	229	3	40	657	7	627	0.0	811
g770.t1	sp|P02827|HSP70_XENLA	63.443	610	221	2	40	648	5	613	0.0	810
g770.t1	sp|Q7YQC6|HSP71_CANLF	63.531	606	219	2	43	647	7	611	0.0	810
g770.t1	sp|P27541|HSP70_BRUMA	64.532	609	212	4	42	648	5	611	0.0	810
g770.t1	sp|P11147|HSP7D_DROME	64.250	607	215	2	43	648	7	612	0.0	809
g770.t1	sp|O65719|HSP7C_ARATH	63.902	615	213	4	40	648	7	618	0.0	809
g770.t1	sp|Q01877|HSP71_PUCGR	63.036	606	222	2	43	647	5	609	0.0	808
g770.t1	sp|Q04967|HSP76_PIG	62.273	607	227	2	42	647	8	613	0.0	807
g770.t1	sp|O59855|HSP72_SCHPO	62.932	607	223	2	43	648	5	610	0.0	807
g770.t1	sp|Q9I8F9|HSP71_ORYLA	63.921	607	217	2	43	648	9	614	0.0	806
g770.t1	sp|Q90473|HSP7C_DANRE	62.951	610	224	2	40	648	4	612	0.0	805
g770.t1	sp|Q91233|HSP70_ONCTS	62.848	611	225	2	40	649	6	615	0.0	805
g770.t1	sp|P17066|HSP76_HUMAN	62.109	607	228	2	42	647	8	613	0.0	801
g770.t1	sp|Q01233|HSP70_NEUCR	62.029	611	229	3	39	647	1	610	0.0	800
g770.t1	sp|Q10265|HSP71_SCHPO	62.438	607	226	2	43	648	5	610	0.0	799
g770.t1	sp|P08418|HSP70_SCHMA	63.427	607	219	2	43	648	5	609	0.0	796
g770.t1	sp|P47773|HSP7C_ICTPU	62.623	610	226	2	40	648	4	612	0.0	795
g770.t1	sp|P22202|HSP74_YEAST	61.803	610	231	2	39	647	1	609	0.0	795
g770.t1	sp|P24629|HSP71_SOLLC	62.419	620	226	5	40	653	7	625	0.0	795
g770.t1	sp|P11143|HSP70_MAIZE	63.175	611	219	4	40	647	6	613	0.0	794
g770.t1	sp|Q9N1U2|HSP76_SAGOE	61.450	607	232	2	42	647	8	613	0.0	793
g770.t1	sp|P29357|HSP7E_SPIOL	62.316	613	226	3	40	648	7	618	0.0	792
g770.t1	sp|P53421|HSP71_PICAN	62.582	612	225	2	39	647	1	611	0.0	792
g770.t1	sp|P41753|HSP70_ACHKL	62.131	610	228	3	40	647	6	614	0.0	791
g770.t1	sp|P29843|HSP7A_DROME	60.691	608	237	2	42	648	6	612	0.0	791
g770.t1	sp|P53623|HSP72_PICAN	63.443	610	221	2	39	647	1	609	0.0	790
g770.t1	sp|Q96W30|HSP72_PARBA	61.211	611	234	3	39	647	1	610	0.0	790
g770.t1	sp|P41797|HSP71_CANAL	63.262	607	220	2	39	643	1	606	0.0	790
g770.t1	sp|P25840|HSP70_CHLRE	62.745	612	220	5	43	648	8	617	0.0	789
g770.t1	sp|Q9W6Y1|HSP7C_ORYLA	62.541	614	226	4	40	652	4	614	0.0	788
g770.t1	sp|Q05944|HSP70_HYDVU	62.704	614	220	3	43	648	7	619	0.0	787
g770.t1	sp|P18694|HSP72_MYCMD	61.551	606	231	2	43	647	5	609	0.0	786
g770.t1	sp|Q24789|HSP70_ECHGR	61.702	611	231	3	40	648	5	614	0.0	786
g770.t1	sp|P41827|HSP74_ANOAL	60.714	616	238	4	39	652	1	614	0.0	785
g770.t1	sp|P09435|HSP73_YEAST	60.164	610	241	2	39	647	1	609	0.0	785
g770.t1	sp|P10591|HSP71_YEAST	61.311	610	233	1	39	648	1	607	0.0	785
g770.t1	sp|P41826|HSP72_ANOAL	60.552	616	239	4	39	652	1	614	0.0	784
g770.t1	sp|P41825|HSP71_ANOAL	60.390	616	240	4	39	652	1	614	0.0	782
g770.t1	sp|P10592|HSP72_YEAST	61.311	610	233	1	39	648	1	607	0.0	782
g770.t1	sp|P46587|HSP72_CANAL	62.193	611	229	2	39	648	1	610	0.0	782
g770.t1	sp|O93866|HSP70_TRIRU	61.375	611	233	3	39	647	1	610	0.0	781
g770.t1	sp|P37899|HSP70_PYRSA	61.927	633	225	5	40	658	7	637	0.0	779
g770.t1	sp|J9VZ70|HSP71_CRYNH	60.891	606	233	2	43	647	5	607	0.0	778
g770.t1	sp|Q5KKP4|HSP71_CRYNJ	60.891	606	233	2	43	647	5	607	0.0	778
g770.t1	sp|F5HB71|HSP71_CRYNB	60.891	606	233	2	43	647	5	607	0.0	778
g770.t1	sp|Q27031|HSP70_THEPA	61.111	612	234	4	40	648	3	613	0.0	775
g770.t1	sp|P16019|HSP70_THEAN	61.111	612	234	4	40	648	3	613	0.0	775
g770.t1	sp|Q91291|HSP70_PLEWA	60.656	610	238	2	40	648	6	614	0.0	775
g770.t1	sp|Q28222|HSP71_CHLAE	62.131	610	226	5	40	648	4	609	0.0	774
g770.t1	sp|Q9C7X7|HSP7N_ARATH	61.011	613	232	3	40	648	7	616	0.0	773
g770.t1	sp|P48720|HSP70_BLAEM	61.184	608	232	3	42	647	9	614	0.0	773
g770.t1	sp|Q5B2V1|HSP70_EMENI	61.285	607	229	4	39	643	1	603	0.0	773
g770.t1	sp|P40918|HSP70_DAVTA	61.211	611	234	3	39	647	1	610	0.0	773
g770.t1	sp|Q05746|HSP70_PLACB	61.741	609	229	4	43	648	18	625	0.0	769
g770.t1	sp|Q06248|HSP74_PARLI	59.606	609	244	2	40	647	4	611	0.0	769
g770.t1	sp|O97125|HSP68_DROME	60.920	609	233	3	42	648	3	608	0.0	768
g770.t1	sp|P11144|HSP70_PLAFA	61.248	609	232	4	43	648	18	625	0.0	764
g770.t1	sp|Q07437|HSP70_LEIAM	60.229	611	238	4	42	648	6	615	0.0	763
g770.t1	sp|Q00043|HSP70_AJECA	60.423	614	234	7	39	647	1	610	0.0	761
g770.t1	sp|P05456|HSP70_TRYCR	60.492	610	236	4	43	648	7	615	0.0	759
g770.t1	sp|Q9BIR7|HSP75_DROME	60.000	610	240	3	42	649	3	610	0.0	757
g770.t1	sp|Q9BIS2|HSP73_DROME	60.000	610	240	3	42	649	3	610	0.0	757
g770.t1	sp|Q8INI8|HSP72_DROME	60.000	610	240	3	42	649	3	610	0.0	757
g770.t1	sp|P02825|HSP71_DROME	60.164	610	239	3	42	649	3	610	0.0	757
g770.t1	sp|P17804|HSP70_LEIDO	60.229	611	237	5	42	648	6	614	0.0	757
g770.t1	sp|P82910|HSP70_DROME	60.164	610	239	3	42	649	3	610	0.0	757
g770.t1	sp|P16394|HSP70_BRELC	60.755	609	237	2	40	647	7	614	0.0	756
g770.t1	sp|P11146|HSP7B_DROME	57.886	615	255	3	42	654	6	618	0.0	755
g770.t1	sp|P11145|HSP74_TRYBB	60.328	610	237	4	43	648	7	615	0.0	755
g770.t1	sp|Q9VG58|HSP74_DROME	59.836	610	241	3	42	649	3	610	0.0	755
g770.t1	sp|P26791|HSP70_DAUCA	60.645	620	232	7	38	648	4	620	0.0	755
g770.t1	sp|Q9GSU4|HSP72_DROSI	59.672	610	242	3	42	649	3	610	0.0	754
g770.t1	sp|Q9GSU7|HSP71_DROSI	60.000	610	240	3	42	649	3	610	0.0	754
g770.t1	sp|P87047|HSP71_PARBA	58.920	611	246	5	39	647	1	608	0.0	747
g770.t1	sp|Q5UQ49|HSP70_MIMIV	57.237	608	258	2	43	649	7	613	0.0	733
g770.t1	sp|P91902|HSP70_CERCA	58.717	608	244	5	43	647	4	607	0.0	720
g770.t1	sp|P14834|HSP70_LEIMA	64.706	510	176	3	43	548	7	516	0.0	682
g770.t1	sp|Q5ZM98|HSPA9_CHICK	54.955	555	229	9	40	586	55	596	0.0	582
g770.t1	sp|P83784|HSP77_CANAL	53.767	584	246	11	40	611	31	602	0.0	581
g770.t1	sp|Q5R511|HSPA9_PONAB	49.840	624	289	10	40	655	53	660	0.0	580
g770.t1	sp|P38646|HSPA9_HUMAN	54.595	555	231	9	40	586	53	594	0.0	580
g770.t1	sp|Q3ZCH0|HSPA9_BOVIN	49.840	624	289	10	40	655	53	660	0.0	580
g770.t1	sp|P38647|HSPA9_MOUSE	54.595	555	231	9	40	586	53	594	0.0	579
g770.t1	sp|O35501|HSPA9_CRIGR	50.000	624	288	10	40	655	53	660	0.0	579
g770.t1	sp|P48721|HSPA9_RAT	54.595	555	231	9	40	586	53	594	0.0	578
g770.t1	sp|P22774|HSP7M_SCHPO	47.994	648	313	12	23	661	34	666	0.0	578
g770.t1	sp|Q9LDZ0|HSP7J_ARATH	54.401	568	238	9	42	601	59	613	0.0	578
g770.t1	sp|P11141|HSP6_CAEEL	50.484	620	268	13	24	619	17	621	0.0	577
g770.t1	sp|Q92260|HSP70_PENCI	60.251	478	184	5	169	644	1	474	0.0	577
g770.t1	sp|Q313S2|DNAK_OLEA2	51.163	602	266	11	39	630	1	584	0.0	577
g770.t1	sp|P0CS91|HSP77_YEASX	51.140	614	274	11	24	624	11	611	0.0	576
g770.t1	sp|P0CS90|HSP77_YEAST	51.140	614	274	11	24	624	11	611	0.0	576
g770.t1	sp|P37900|HSP7M_PEA	53.521	568	243	9	42	601	54	608	0.0	575
g770.t1	sp|Q01899|HSP7M_PHAVU	54.116	571	237	10	42	600	53	610	0.0	574
g770.t1	sp|P29845|HSP7E_DROME	49.682	628	293	10	40	659	52	664	0.0	572
g772.t1	sp|Q30Z79|CLPP_OLEA2	36.842	209	109	4	95	303	4	189	9.63e-35	134
g806.t1	sp|Q9LEA3|LRK56_ARATH	43.590	195	107	2	143	334	321	515	9.09e-45	167
g819.t1	sp|Q9LEA7|GL18_ARATH	50.251	199	94	3	22	215	24	222	5.38e-60	190
g826.t1	sp|Q30YL0|SYL_OLEA2	33.708	89	52	2	18	103	6	90	3.90e-07	58.2
g847.t1	sp|Q30XU3|TRUA_OLEA2	26.606	327	171	9	54	369	1	269	9.13e-21	94.4
g864.t1	sp|Q30ZS4|HEM1_OLEA2	31.019	432	283	8	88	517	5	423	9.45e-53	188
g885.t1	sp|P0C2F6|RNHX1_ARATH	25.683	366	220	10	970	1296	1	353	5.95e-20	99.8
g899.t1	sp|P00335|RIDH_KLEAE	25.121	207	137	4	12	217	9	198	2.64e-07	53.9
g903.t1	sp|Q316U7|DNAJ_OLEA2	28.610	367	211	9	4	343	5	347	7.92e-34	131
g915.t1	sp|Q9LEA7|GL18_ARATH	42.786	201	106	5	4	201	23	217	4.76e-46	154
g919.t1	sp|Q0HSF0|ERPA_SHESR	37.500	104	53	3	78	175	18	115	4.44e-12	63.2
g932.t1	sp|Q9LEA3|LRK56_ARATH	35.052	194	95	3	358	520	323	516	6.51e-27	119
g955.t1	sp|Q9LEA3|LRK56_ARATH	35.450	189	112	4	349	527	322	510	4.03e-23	107
g972.t1	sp|Q9LEA3|LRK56_ARATH	41.245	257	134	5	225	478	274	516	1.32e-42	164
g997.t1	sp|Q9LEA3|LRK56_ARATH	40.079	252	132	6	441	686	277	515	8.72e-41	162
g997.t1	sp|Q9LEA3|LRK56_ARATH	38.023	263	140	7	1224	1480	270	515	1.77e-38	155
g1000.t1	sp|Q9LEA3|LRK56_ARATH	43.814	194	104	3	512	701	323	515	3.09e-42	165
g1001.t1	sp|Q9LEA3|LRK56_ARATH	43.590	195	105	3	481	671	323	516	8.01e-42	164
g1002.t1	sp|Q9LEA3|LRK56_ARATH	44.845	194	102	3	478	667	323	515	8.59e-42	164
g1008.t1	sp|Q9LEA3|LRK56_ARATH	36.882	263	135	5	443	701	281	516	2.04e-40	160
g1028.t1	sp|A0A1D6HSP4|C92C5_MAIZE	27.935	494	320	12	6	478	9	487	7.07e-47	174
g1030.t1	sp|A0A1D6HSP4|C92C5_MAIZE	33.784	518	314	12	6	497	2	516	2.33e-87	281
g1035.t1	sp|Q9SAB1|HSP7Q_ARATH	100.000	763	0	0	1	763	1	763	0.0	1584
g1035.t1	sp|F4HQD4|HSP7P_ARATH	49.753	810	353	9	1	759	1	807	0.0	782
g1035.t1	sp|Q9S7C0|HSP7O_ARATH	49.015	812	356	8	1	759	1	807	0.0	780
g1035.t1	sp|O74225|HSP88_NEUCR	38.930	673	391	9	1	668	1	658	1.99e-165	497
g1035.t1	sp|O88600|HSP74_RAT	35.969	784	452	7	1	736	1	782	7.44e-161	490
g1035.t1	sp|Q06068|HSP97_STRPU	36.715	828	421	17	1	736	1	817	1.13e-160	491
g1035.t1	sp|Q61316|HSP74_MOUSE	36.076	790	444	9	1	736	1	783	1.56e-159	486
g1035.t1	sp|O59838|HSP7F_SCHPO	38.307	697	400	7	2	685	6	685	1.07e-158	480
g1035.t1	sp|P34932|HSP74_HUMAN	35.587	784	455	8	1	736	1	782	4.92e-158	483
g1035.t1	sp|Q5RDM4|HSP74_PONAB	35.459	784	456	8	1	736	1	782	3.31e-157	480
g1035.t1	sp|Q2TFN9|HSP74_CANLF	35.623	786	446	9	1	733	1	779	8.76e-156	477
g1035.t1	sp|Q875V0|HSP7F_NAUCA	35.366	656	408	6	5	658	6	647	4.23e-146	447
g1035.t1	sp|Q6TMK3|HSP88_DICDI	35.958	762	442	14	3	745	4	738	2.81e-145	447
g1035.t1	sp|Q875P5|HSP7F_LACK1	35.552	661	409	9	1	658	1	647	1.26e-144	443
g1035.t1	sp|Q94738|HSP97_MESFR	35.888	822	435	19	1	736	1	816	1.68e-143	446
g1035.t1	sp|Q6FJI3|HSP7F_CANGA	35.976	656	404	6	5	658	6	647	1.28e-142	438
g1035.t1	sp|Q96VB9|HSP7F_CANAL	35.769	657	406	9	1	653	1	645	2.63e-141	435
g1035.t1	sp|P32589|HSP7F_YEAST	35.366	656	408	6	5	658	6	647	5.87e-139	428
g1035.t1	sp|Q74ZJ0|HSP7F_EREGS	35.855	661	407	9	1	658	1	647	7.25e-134	415
g1035.t1	sp|P32590|HSP79_YEAST	34.299	656	415	6	5	658	6	647	4.49e-131	408
g1035.t1	sp|P08418|HSP70_SCHMA	30.648	633	371	12	2	623	3	578	2.24e-94	310
g1035.t1	sp|Q9U639|HSP7D_MANSE	30.047	639	364	12	4	623	7	581	9.83e-92	303
g1035.t1	sp|Q04967|HSP76_PIG	30.166	663	391	13	4	653	9	612	2.27e-90	300
g1035.t1	sp|Q5R7D3|HSP71_PONAB	30.126	634	374	14	2	623	5	581	1.15e-89	298
g1035.t1	sp|Q7YQC6|HSP71_CANLF	30.126	634	374	14	2	623	5	581	1.31e-89	298
g1035.t1	sp|P18694|HSP72_MYCMD	30.061	652	390	14	4	647	5	598	3.07e-89	296
g1035.t1	sp|P10591|HSP71_YEAST	29.192	668	388	14	4	653	5	605	7.52e-89	296
g1035.t1	sp|P53421|HSP71_PICAN	29.835	667	382	15	4	651	5	604	9.56e-89	295
g1035.t1	sp|P29843|HSP7A_DROME	29.508	671	397	16	1	656	4	613	1.10e-88	295
g1035.t1	sp|P11146|HSP7B_DROME	30.281	677	388	17	1	658	4	615	2.47e-88	294
g1035.t1	sp|P41797|HSP71_CANAL	29.985	667	380	15	4	651	5	603	2.50e-88	295
g1035.t1	sp|P02827|HSP70_XENLA	29.217	664	388	15	4	649	8	607	2.93e-88	294
g1035.t1	sp|P09189|HSP7C_PETHY	27.571	671	407	10	4	656	10	619	3.33e-88	294
g1035.t1	sp|P10592|HSP72_YEAST	36.674	439	260	8	4	436	5	431	4.47e-88	293
g1035.t1	sp|P17066|HSP76_HUMAN	30.317	663	390	14	4	653	9	612	7.54e-88	293
g1035.t1	sp|Q9I8F9|HSP71_ORYLA	29.129	666	400	15	4	656	9	615	7.68e-88	293
g1035.t1	sp|P11147|HSP7D_DROME	31.013	632	367	15	4	623	7	581	8.58e-88	293
g1035.t1	sp|P34933|HSP72_BOVIN	30.211	662	386	19	4	649	8	609	9.76e-88	292
g1035.t1	sp|P63018|HSP7C_RAT	29.179	658	396	14	4	649	7	606	1.12e-87	293
g1035.t1	sp|P63017|HSP7C_MOUSE	29.179	658	396	14	4	649	7	606	1.12e-87	293
g1035.t1	sp|Q71U34|HSP7C_SAGOE	29.179	658	396	14	4	649	7	606	1.18e-87	293
g1035.t1	sp|P11142|HSP7C_HUMAN	29.179	658	396	14	4	649	7	606	1.18e-87	293
g1035.t1	sp|A2Q0Z1|HSP7C_HORSE	29.179	658	396	14	4	649	7	606	1.18e-87	293
g1035.t1	sp|P19120|HSP7C_BOVIN	29.179	658	396	14	4	649	7	606	1.30e-87	293
g1035.t1	sp|Q9TUG3|HSP72_CAPHI	30.060	662	387	18	4	649	8	609	1.71e-87	292
g1035.t1	sp|Q5NVM9|HSP7C_PONAB	29.179	658	396	14	4	649	7	606	1.73e-87	292
g1035.t1	sp|P54652|HSP72_HUMAN	30.363	662	385	19	4	649	8	609	2.46e-87	291
g1035.t1	sp|Q10265|HSP71_SCHPO	29.023	665	388	15	4	649	5	604	2.66e-87	291
g1035.t1	sp|P09446|HSP1_CAEEL	29.713	663	391	16	2	649	5	607	2.71e-87	291
g1035.t1	sp|Q91233|HSP70_ONCTS	29.501	661	390	15	4	649	9	608	3.35e-87	291
g1035.t1	sp|P14659|HSP72_RAT	30.060	662	387	18	4	649	8	609	3.59e-87	291
g1035.t1	sp|P17156|HSP72_MOUSE	30.060	662	387	18	4	649	8	609	3.59e-87	291
g1035.t1	sp|Q9N1U2|HSP76_SAGOE	30.166	663	391	14	4	653	9	612	5.73e-87	291
g1035.t1	sp|O73885|HSP7C_CHICK	30.449	601	350	12	4	593	7	550	6.55e-87	290
g1035.t1	sp|Q9S9N1|HSP7E_ARATH	28.832	659	414	12	4	656	9	618	4.00e-86	288
g1035.t1	sp|P19378|HSP7C_CRIGR	29.027	658	397	14	4	649	7	606	4.82e-86	288
g1035.t1	sp|P53623|HSP72_PICAN	29.535	667	382	14	4	651	5	602	1.13e-85	287
g1035.t1	sp|P27541|HSP70_BRUMA	29.669	664	389	18	2	649	4	605	1.70e-85	286
g1035.t1	sp|P46587|HSP72_CANAL	29.848	660	375	15	4	644	5	595	2.53e-85	286
g1035.t1	sp|P26413|HSP70_SOYBN	28.225	659	418	12	4	656	9	618	3.35e-85	286
g1035.t1	sp|Q9W6Y1|HSP7C_ORYLA	28.832	659	395	14	4	649	7	604	4.33e-85	287
g1035.t1	sp|P08108|HSP70_ONCMY	29.287	659	394	15	4	649	7	606	4.50e-85	286
g1035.t1	sp|O59855|HSP72_SCHPO	28.638	639	373	14	4	623	5	579	5.72e-85	285
g1035.t1	sp|P25840|HSP70_CHLRE	29.148	669	394	15	4	653	8	615	7.47e-85	285
g1035.t1	sp|P41753|HSP70_ACHKL	29.862	653	399	13	4	649	9	609	1.08e-84	285
g1035.t1	sp|P09435|HSP73_YEAST	28.936	667	386	15	4	651	5	602	1.25e-84	285
g1035.t1	sp|O97125|HSP68_DROME	29.508	671	396	18	1	656	1	609	1.41e-84	284
g1035.t1	sp|P22202|HSP74_YEAST	29.148	669	390	15	4	653	5	608	1.66e-84	284
g1035.t1	sp|Q24789|HSP70_ECHGR	29.697	660	391	16	4	649	8	608	1.67e-84	285
g1035.t1	sp|P41827|HSP74_ANOAL	27.869	671	400	14	2	653	3	608	1.74e-84	284
g1035.t1	sp|Q01233|HSP70_NEUCR	28.808	663	401	14	4	653	5	609	1.82e-84	284
g1035.t1	sp|P27322|HSP72_SOLLC	29.305	662	407	13	4	656	10	619	2.80e-84	283
g1035.t1	sp|F4JMJ1|HSP7R_ARATH	27.859	822	507	24	2	747	25	836	2.84e-84	289
g1035.t1	sp|P41825|HSP71_ANOAL	27.869	671	400	14	2	653	3	608	4.80e-84	283
g1035.t1	sp|P08106|HSP70_CHICK	29.047	661	395	16	4	649	8	609	5.40e-84	282
g1035.t1	sp|Q9BIR7|HSP75_DROME	28.767	657	406	15	1	649	1	603	5.62e-84	283
g1035.t1	sp|Q9BIS2|HSP73_DROME	28.767	657	406	15	1	649	1	603	5.62e-84	283
g1035.t1	sp|Q8INI8|HSP72_DROME	28.767	657	406	15	1	649	1	603	5.62e-84	283
g1035.t1	sp|Q9VG58|HSP74_DROME	28.443	668	394	14	1	649	1	603	1.03e-83	282
g1035.t1	sp|Q9GSU4|HSP72_DROSI	28.354	656	410	14	1	649	1	603	1.38e-83	281
g1035.t1	sp|P41826|HSP72_ANOAL	27.720	671	401	14	2	653	3	608	1.65e-83	281
g1035.t1	sp|P02825|HSP71_DROME	28.767	657	406	15	1	649	1	603	1.80e-83	281
g1035.t1	sp|P82910|HSP70_DROME	28.767	657	406	15	1	649	1	603	1.80e-83	281
g1035.t1	sp|Q05944|HSP70_HYDVU	28.829	666	395	16	4	649	7	613	2.35e-83	281
g1035.t1	sp|Q9GSU7|HSP71_DROSI	28.593	668	393	15	1	649	1	603	3.10e-83	281
g1035.t1	sp|Q96W30|HSP72_PARBA	30.168	653	397	17	4	651	5	603	7.11e-83	280
g1035.t1	sp|Q01877|HSP71_PUCGR	28.462	650	411	13	4	649	5	604	2.87e-82	278
g1035.t1	sp|O65719|HSP7C_ARATH	27.545	668	397	11	4	649	10	612	2.90e-82	278
g1035.t1	sp|P37899|HSP70_PYRSA	28.728	637	378	12	4	623	10	587	3.61e-82	278
g1035.t1	sp|Q28222|HSP71_CHLAE	29.384	633	377	16	2	623	5	578	8.83e-82	276
g1035.t1	sp|J9VZ70|HSP71_CRYNH	28.593	668	391	14	1	651	2	600	2.15e-81	276
g1035.t1	sp|P24629|HSP71_SOLLC	26.597	673	413	11	4	656	10	621	2.55e-81	276
g1035.t1	sp|Q5B2V1|HSP70_EMENI	34.722	432	269	6	4	432	5	426	3.06e-81	275
g1035.t1	sp|Q5KKP4|HSP71_CRYNJ	28.593	668	391	14	1	651	2	600	4.73e-81	275
g1035.t1	sp|F5HB71|HSP71_CRYNB	28.593	668	391	14	1	651	2	600	4.73e-81	275
g1035.t1	sp|Q9C7X7|HSP7N_ARATH	28.708	627	389	11	4	623	10	585	9.22e-81	273
g1035.t1	sp|P47773|HSP7C_ICTPU	28.225	659	401	15	4	649	7	606	1.27e-80	274
g1035.t1	sp|Q90473|HSP7C_DANRE	28.419	658	401	14	4	649	7	606	1.40e-80	274
g1035.t1	sp|P48720|HSP70_BLAEM	28.963	656	408	16	4	653	10	613	1.46e-80	274
g1035.t1	sp|P11143|HSP70_MAIZE	28.485	660	414	11	4	657	9	616	6.19e-80	272
g1035.t1	sp|Q00043|HSP70_AJECA	28.916	664	409	15	4	658	5	614	6.33e-80	273
g1035.t1	sp|P87047|HSP71_PARBA	28.963	656	399	15	4	651	5	601	6.36e-80	272
g1035.t1	sp|Q91291|HSP70_PLEWA	28.685	631	381	13	5	623	10	583	8.88e-80	271
g1035.t1	sp|Q06248|HSP74_PARLI	34.644	407	258	4	4	407	7	408	1.05e-79	271
g1035.t1	sp|P05456|HSP70_TRYCR	28.078	666	396	17	4	649	7	609	1.62e-79	271
g1035.t1	sp|O93866|HSP70_TRIRU	28.855	655	411	15	4	653	5	609	2.33e-79	270
g1035.t1	sp|P91902|HSP70_CERCA	36.893	412	248	8	1	407	1	405	3.08e-79	270
g1035.t1	sp|P29357|HSP7E_SPIOL	26.987	667	416	13	4	656	10	619	1.31e-78	268
g1035.t1	sp|Q27031|HSP70_THEPA	28.878	606	361	13	4	596	6	554	7.39e-78	266
g1035.t1	sp|P16019|HSP70_THEAN	27.576	660	406	15	4	649	6	607	3.18e-77	265
g1035.t1	sp|Q5UQ49|HSP70_MIMIV	27.565	653	413	11	4	649	7	606	8.11e-77	263
g1035.t1	sp|P16394|HSP70_BRELC	36.579	380	234	3	4	382	10	383	2.56e-76	263
g1035.t1	sp|P40918|HSP70_DAVTA	27.259	653	416	13	4	651	5	603	1.17e-75	260
g1035.t1	sp|P11145|HSP74_TRYBB	34.646	381	244	3	4	382	7	384	6.20e-75	259
g1035.t1	sp|Q05746|HSP70_PLACB	30.093	535	335	10	4	526	18	525	3.86e-74	257
g1035.t1	sp|P48741|HSP77_HUMAN	37.535	357	216	3	4	359	9	359	5.32e-74	248
g1035.t1	sp|P11144|HSP70_PLAFA	27.442	645	396	13	4	632	18	606	6.85e-74	256
g1035.t1	sp|Q07437|HSP70_LEIAM	26.276	666	408	15	4	649	7	609	1.26e-73	255
g1035.t1	sp|P14834|HSP70_LEIMA	34.383	381	245	3	4	382	7	384	2.35e-73	251
g1035.t1	sp|P26791|HSP70_DAUCA	27.727	660	423	15	4	656	9	621	5.21e-73	253
g1035.t1	sp|P17804|HSP70_LEIDO	26.466	665	407	14	4	649	7	608	6.13e-73	253
g1035.t1	sp|P0CS91|HSP77_YEASX	32.277	505	311	11	2	494	31	516	7.02e-72	250
g1035.t1	sp|P0CS90|HSP77_YEAST	32.277	505	311	11	2	494	31	516	8.60e-72	250
g1035.t1	sp|P19208|HSP7C_CAEBR	25.970	670	421	16	2	656	34	643	1.62e-70	247
g1035.t1	sp|P27420|HSP7C_CAEEL	25.915	683	427	17	2	665	34	656	2.96e-70	246
g1035.t1	sp|P83784|HSP77_CANAL	31.151	504	316	11	3	494	33	517	4.23e-68	240
g1035.t1	sp|Q5B0C0|HSP7M_EMENI	32.127	442	278	7	3	439	43	467	7.58e-68	239
g1035.t1	sp|P22774|HSP7M_SCHPO	33.415	410	256	5	3	407	52	449	2.54e-67	238
g1035.t1	sp|P22623|HSP72_PARLI	33.333	369	239	4	4	371	7	369	3.87e-67	229
g1035.t1	sp|P39987|HSP7E_YEAST	29.492	512	333	9	2	504	28	520	1.38e-66	236
g1035.t1	sp|O96772|HSP70_ENCCU	34.321	405	250	4	2	402	14	406	2.50e-66	234
g1035.t1	sp|P20030|HSP7C_TRYBB	29.811	530	331	12	4	508	7	520	8.77e-66	234
g1035.t1	sp|Q8I0H7|HSP7M_DICDI	27.231	650	403	12	3	644	32	619	8.94e-66	234
g1035.t1	sp|P11141|HSP6_CAEEL	30.461	499	320	9	3	492	33	513	1.50e-65	233
g1035.t1	sp|P99502|HSPA9_CANLF	33.179	431	270	7	2	426	54	472	4.09e-65	232
g1035.t1	sp|P86233|HSPA9_MESAU	32.569	436	272	7	2	432	54	472	1.10e-64	231
g1035.t1	sp|P38646|HSPA9_HUMAN	33.577	411	256	6	2	407	54	452	2.92e-64	230
g1035.t1	sp|Q5R511|HSPA9_PONAB	33.577	411	256	6	2	407	54	452	4.49e-64	229
g1035.t1	sp|Q3ZCH0|HSPA9_BOVIN	33.577	411	256	6	2	407	54	452	5.22e-64	229
g1035.t1	sp|P38647|HSPA9_MOUSE	33.577	411	256	6	2	407	54	452	7.86e-64	229
g1035.t1	sp|O35501|HSPA9_CRIGR	33.577	411	256	6	2	407	54	452	8.10e-64	229
g1035.t1	sp|Q08276|HSP7M_SOLTU	29.615	520	320	10	3	504	59	550	8.89e-64	229
g1035.t1	sp|P48721|HSPA9_RAT	33.577	411	256	6	2	407	54	452	1.02e-63	228
g1035.t1	sp|Q5ZM98|HSPA9_CHICK	33.090	411	258	6	2	407	56	454	1.16e-63	228
g1035.t1	sp|Q95YL7|HSP70_ENCHE	33.086	405	255	4	2	402	14	406	8.47e-63	224
g1035.t1	sp|P29845|HSP7E_DROME	33.333	411	258	6	2	407	53	452	5.98e-62	224
g1035.t1	sp|Q313S2|DNAK_OLEA2	29.002	531	334	12	3	516	4	508	6.64e-61	220
g1035.t1	sp|Q9LDZ0|HSP7J_ARATH	28.947	532	331	10	3	515	59	562	2.19e-60	219
g1035.t1	sp|Q8GUM2|HSP7I_ARATH	32.292	384	244	4	3	381	54	426	2.28e-60	219
g1035.t1	sp|Q01899|HSP7M_PHAVU	28.827	503	321	10	3	492	53	531	5.42e-60	218
g1035.t1	sp|P20583|HSP71_TRYCR	30.995	442	281	6	3	438	29	452	1.55e-59	216
g1035.t1	sp|P37900|HSP7M_PEA	30.732	410	266	5	3	407	54	450	3.49e-59	216
g1041.t1	sp|Q30Z13|GLGA_OLEA2	31.515	495	266	13	579	1021	5	478	1.99e-62	225
g1043.t1	sp|Q30Z79|CLPP_OLEA2	40.426	188	112	0	82	269	4	191	2.52e-46	157
g1056.t1	sp|Q316Z9|SYS_OLEA2	35.092	436	266	7	78	510	2	423	8.78e-81	261
g1070.t1	sp|Q8LEA2|G2OX1_ARATH	27.645	293	188	11	7	283	18	302	5.28e-28	114
g1092.t1	sp|A0LEA2|TAL_SYNFM	33.333	138	71	3	194	329	82	200	1.83e-13	72.8
g1093.t1	sp|Q316N1|YQGF_OLEA2	31.579	133	85	2	716	845	4	133	4.87e-11	65.1
g1107.t1	sp|Q30Z79|CLPP_OLEA2	41.860	172	100	0	89	260	18	189	6.54e-46	156
g1124.t1	sp|Q9LYD3|DREB3_ARATH	55.682	88	39	0	26	113	47	134	2.03e-26	104
g1126.t1	sp|Q9LYD3|DREB3_ARATH	61.798	89	33	1	15	102	47	135	8.92e-30	112
g1155.t1	sp|Q9LYD3|DREB3_ARATH	43.478	92	46	1	177	268	21	106	5.71e-13	71.6
g1156.t1	sp|P24163|G3P_KLEAE	47.241	290	150	3	86	374	7	294	2.12e-87	270
g1158.t1	sp|Q9BMM3|ERF1_BLEAM	61.098	419	157	4	2	418	3	417	0.0	533
g1165.t1	sp|Q9LYD3|DREB3_ARATH	55.357	56	25	0	57	112	51	106	5.11e-12	68.2
g1172.t1	sp|A0A1D6HSP4|C92C5_MAIZE	31.589	516	269	13	1	437	11	521	1.55e-67	227
g1173.t1	sp|A0A1D6HSP4|C92C5_MAIZE	35.328	518	297	12	1	494	11	514	7.02e-100	313
g1174.t1	sp|A0A1D6HSP4|C92C5_MAIZE	32.677	508	306	11	1	483	11	507	1.41e-88	283
g1175.t1	sp|A0A1D6HSP4|C92C5_MAIZE	31.992	497	306	12	1	474	11	498	1.04e-83	271
g1176.t1	sp|A0A1D6HSP4|C92C5_MAIZE	34.051	511	319	10	1	496	7	514	1.12e-96	305
g1179.t1	sp|A0A1D6HSP4|C92C5_MAIZE	22.802	364	252	11	688	1039	132	478	3.99e-17	89.7
g1179.t1	sp|A0A1D6HSP4|C92C5_MAIZE	24.194	372	237	14	131	482	132	478	1.55e-13	78.2
g1206.t1	sp|P24163|G3P_KLEAE	65.101	298	99	5	19	315	1	294	6.00e-130	375
g1231.t1	sp|A0A1D6HSP4|C92C5_MAIZE	30.268	522	324	16	23	512	8	521	6.34e-58	204
g1268.t1	sp|Q8LEA2|G2OX1_ARATH	24.211	285	194	7	7	275	17	295	2.96e-11	66.6
g1269.t1	sp|Q8LEA2|G2OX1_ARATH	23.510	302	211	6	8	294	17	313	7.04e-17	83.2
g1292.t1	sp|Q0GNQ5|KBTB1_HSPV	29.293	99	69	1	226	323	287	385	9.51e-06	51.6
g1297.t1	sp|Q9LEA3|LRK56_ARATH	45.833	216	100	5	62	272	313	516	1.43e-47	173
g1325.t1	sp|Q3YL57|NHX8_ARATH	100.000	756	0	0	1	756	1	756	0.0	1544
g1325.t1	sp|Q9LKW9|NHX7_ARATH	74.933	742	182	3	1	739	1	741	0.0	1122
g1325.t1	sp|Q8RWU6|NHX6_ARATH	25.243	412	268	12	57	451	53	441	4.24e-24	110
g1325.t1	sp|P35449|NHX9_CAEEL	22.422	446	298	13	42	467	48	465	5.45e-20	98.6
g1325.t1	sp|Q8T5S1|NHX2_CAEEL	23.457	405	267	14	97	481	108	489	4.36e-18	92.4
g1325.t1	sp|Q8S396|NHX5_ARATH	25.260	384	246	13	41	404	37	399	9.21e-17	87.8
g1325.t1	sp|O16452|NHX3_CAEEL	22.940	449	296	14	40	467	46	465	1.55e-13	77.8
g1325.t1	sp|Q04121|NHX1_YEAST	23.810	357	224	12	85	407	111	453	2.09e-13	77.4
g1325.t1	sp|Q56XP4|NHX2_ARATH	24.027	437	294	15	97	511	82	502	3.36e-12	73.6
g1325.t1	sp|Q9SXJ8|NHX1_ORYSJ	25.134	374	248	13	97	449	82	444	5.25e-12	72.8
g1325.t1	sp|Q8S397|NHX4_ARATH	22.922	397	257	12	95	460	78	456	1.41e-11	71.2
g1325.t1	sp|Q68KI4|NHX1_ARATH	24.405	336	228	11	97	413	80	408	2.14e-10	67.8
g1325.t1	sp|Q84WG1|NHX3_ARATH	23.955	359	239	11	95	427	81	431	1.21e-07	58.9
g1361.t1	sp|Q30YH5|CH10_OLEA2	46.667	75	39	1	5	78	3	77	1.15e-13	65.5
g1400.t1	sp|Q9LYD3|DREB3_ARATH	61.404	57	22	0	7	63	51	107	2.96e-16	77.4
g1407.t1	sp|O49816|LEA1_CICAR	46.154	52	27	1	14	65	116	166	8.13e-06	45.1
g1418.t1	sp|Q9LEA3|LRK56_ARATH	37.739	522	291	11	23	532	12	511	2.46e-110	345
g1420.t1	sp|Q8LEA2|G2OX1_ARATH	31.169	308	191	8	57	353	18	315	1.22e-41	151
g1445.t1	sp|Q30WI6|RS15_OLEA2	44.872	78	41	1	337	412	11	88	1.64e-12	66.2
g1466.t1	sp|Q9S9N1|HSP7E_ARATH	100.000	646	0	0	1	646	1	646	0.0	1328
g1466.t1	sp|P26413|HSP70_SOYBN	85.781	647	89	2	1	646	1	645	0.0	1154
g1466.t1	sp|P09189|HSP7C_PETHY	84.049	652	97	3	1	646	1	651	0.0	1133
g1466.t1	sp|P24629|HSP71_SOLLC	84.000	650	100	4	1	646	1	650	0.0	1125
g1466.t1	sp|P27322|HSP72_SOLLC	84.235	647	98	2	1	646	1	644	0.0	1115
g1466.t1	sp|O65719|HSP7C_ARATH	82.126	649	113	2	1	646	1	649	0.0	1093
g1466.t1	sp|P29357|HSP7E_SPIOL	82.016	645	115	1	1	644	1	645	0.0	1092
g1466.t1	sp|P11143|HSP70_MAIZE	81.636	648	114	4	1	646	1	645	0.0	1079
g1466.t1	sp|P25840|HSP70_CHLRE	81.494	616	111	2	4	617	3	617	0.0	1039
g1466.t1	sp|Q9C7X7|HSP7N_ARATH	79.806	619	122	2	1	618	1	617	0.0	1031
g1466.t1	sp|P26791|HSP70_DAUCA	80.257	623	116	4	1	618	1	621	0.0	1027
g1466.t1	sp|P27541|HSP70_BRUMA	74.923	646	155	3	5	646	2	644	0.0	999
g1466.t1	sp|Q9I8F9|HSP71_ORYLA	74.613	646	157	3	1	646	1	639	0.0	994
g1466.t1	sp|P09446|HSP1_CAEEL	77.541	610	135	1	8	617	6	613	0.0	994
g1466.t1	sp|Q91233|HSP70_ONCTS	73.107	647	170	3	1	646	1	644	0.0	991
g1466.t1	sp|P63018|HSP7C_RAT	77.049	610	137	2	8	617	6	612	0.0	985
g1466.t1	sp|P63017|HSP7C_MOUSE	77.049	610	137	2	8	617	6	612	0.0	985
g1466.t1	sp|Q71U34|HSP7C_SAGOE	77.049	610	137	2	8	617	6	612	0.0	985
g1466.t1	sp|Q5NVM9|HSP7C_PONAB	77.049	610	137	2	8	617	6	612	0.0	985
g1466.t1	sp|P11142|HSP7C_HUMAN	77.049	610	137	2	8	617	6	612	0.0	985
g1466.t1	sp|A2Q0Z1|HSP7C_HORSE	77.049	610	137	2	8	617	6	612	0.0	985
g1466.t1	sp|P19120|HSP7C_BOVIN	77.049	610	137	2	8	617	6	612	0.0	985
g1466.t1	sp|P41753|HSP70_ACHKL	73.853	654	147	4	8	646	8	652	0.0	984
g1466.t1	sp|Q01877|HSP71_PUCGR	77.049	610	137	2	7	616	3	609	0.0	982
g1466.t1	sp|Q7YQC6|HSP71_CANLF	74.491	639	160	2	8	646	6	641	0.0	982
g1466.t1	sp|P19378|HSP7C_CRIGR	76.721	610	139	2	8	617	6	612	0.0	979
g1466.t1	sp|P37899|HSP70_PYRSA	75.077	646	147	5	8	645	9	648	0.0	979
g1466.t1	sp|Q9U639|HSP7D_MANSE	75.738	610	145	2	8	617	6	612	0.0	978
g1466.t1	sp|O73885|HSP7C_CHICK	76.393	610	141	2	8	617	6	612	0.0	975
g1466.t1	sp|Q5R7D3|HSP71_PONAB	76.190	609	142	2	8	616	6	611	0.0	973
g1466.t1	sp|P08108|HSP70_ONCMY	75.902	610	144	2	8	617	6	612	0.0	970
g1466.t1	sp|Q04967|HSP76_PIG	71.517	646	181	2	1	646	1	643	0.0	969
g1466.t1	sp|P02827|HSP70_XENLA	72.350	651	171	5	1	646	1	647	0.0	966
g1466.t1	sp|P48720|HSP70_BLAEM	73.201	653	164	6	1	646	1	649	0.0	964
g1466.t1	sp|O59855|HSP72_SCHPO	74.959	611	150	2	7	617	3	610	0.0	961
g1466.t1	sp|P08106|HSP70_CHICK	74.754	610	153	1	8	617	7	615	0.0	961
g1466.t1	sp|Q90473|HSP7C_DANRE	74.918	610	150	2	8	617	6	612	0.0	961
g1466.t1	sp|P29843|HSP7A_DROME	72.231	641	171	5	8	646	6	641	0.0	960
g1466.t1	sp|Q96W30|HSP72_PARBA	75.246	610	147	3	8	616	4	610	0.0	959
g1466.t1	sp|Q10265|HSP71_SCHPO	75.614	611	146	2	7	617	3	610	0.0	959
g1466.t1	sp|P11147|HSP7D_DROME	74.098	610	155	2	8	617	6	612	0.0	958
g1466.t1	sp|P47773|HSP7C_ICTPU	74.098	610	155	2	8	617	6	612	0.0	958
g1466.t1	sp|P54652|HSP72_HUMAN	74.426	610	155	1	8	617	7	615	0.0	957
g1466.t1	sp|P17066|HSP76_HUMAN	71.121	651	175	4	1	646	1	643	0.0	955
g1466.t1	sp|P14659|HSP72_RAT	74.262	610	156	1	8	617	7	615	0.0	955
g1466.t1	sp|P17156|HSP72_MOUSE	74.262	610	156	1	8	617	7	615	0.0	955
g1466.t1	sp|Q9TUG3|HSP72_CAPHI	74.426	610	155	1	8	617	7	615	0.0	955
g1466.t1	sp|Q24789|HSP70_ECHGR	70.571	666	162	6	8	646	7	665	0.0	954
g1466.t1	sp|P34933|HSP72_BOVIN	74.262	610	156	1	8	617	7	615	0.0	953
g1466.t1	sp|Q9N1U2|HSP76_SAGOE	70.507	651	179	4	1	646	1	643	0.0	951
g1466.t1	sp|P08418|HSP70_SCHMA	73.239	639	166	4	8	646	4	637	0.0	951
g1466.t1	sp|Q5B2V1|HSP70_EMENI	75.288	607	143	5	8	613	4	604	0.0	945
g1466.t1	sp|P18694|HSP72_MYCMD	74.754	610	151	2	7	616	3	609	0.0	944
g1466.t1	sp|Q05746|HSP70_PLACB	74.146	615	156	2	4	617	13	625	0.0	942
g1466.t1	sp|Q9W6Y1|HSP7C_ORYLA	73.829	619	154	5	8	626	6	616	0.0	941
g1466.t1	sp|P11144|HSP70_PLAFA	73.821	615	158	2	4	617	13	625	0.0	938
g1466.t1	sp|Q01233|HSP70_NEUCR	74.262	610	153	3	8	616	4	610	0.0	938
g1466.t1	sp|J9VZ70|HSP71_CRYNH	74.262	610	152	3	7	616	3	607	0.0	937
g1466.t1	sp|P09435|HSP73_YEAST	70.200	651	179	4	7	646	3	649	0.0	936
g1466.t1	sp|Q5KKP4|HSP71_CRYNJ	73.934	610	154	3	7	616	3	607	0.0	934
g1466.t1	sp|F5HB71|HSP71_CRYNB	73.934	610	154	3	7	616	3	607	0.0	934
g1466.t1	sp|P41797|HSP71_CANAL	75.783	607	145	2	7	613	3	607	0.0	934
g1466.t1	sp|Q07437|HSP70_LEIAM	70.031	654	174	4	8	646	6	652	0.0	933
g1466.t1	sp|Q91291|HSP70_PLEWA	70.047	641	187	3	8	646	8	645	0.0	932
g1466.t1	sp|Q28222|HSP71_CHLAE	74.426	610	150	5	8	617	6	609	0.0	931
g1466.t1	sp|O93866|HSP70_TRIRU	72.951	610	161	3	8	616	4	610	0.0	931
g1466.t1	sp|P22202|HSP74_YEAST	70.918	643	181	4	7	646	3	642	0.0	926
g1466.t1	sp|Q05944|HSP70_HYDVU	72.536	619	158	4	8	618	6	620	0.0	926
g1466.t1	sp|P40918|HSP70_DAVTA	71.613	620	171	4	8	625	4	620	0.0	926
g1466.t1	sp|P46587|HSP72_CANAL	71.672	646	174	3	7	646	3	645	0.0	922
g1466.t1	sp|P17804|HSP70_LEIDO	73.322	611	160	3	8	617	6	614	0.0	920
g1466.t1	sp|P16394|HSP70_BRELC	74.918	610	148	3	8	616	9	614	0.0	919
g1466.t1	sp|P16019|HSP70_THEAN	69.099	644	192	3	8	646	5	646	0.0	918
g1466.t1	sp|P53421|HSP71_PICAN	73.607	610	160	1	7	616	3	611	0.0	917
g1466.t1	sp|P11145|HSP74_TRYBB	68.741	659	187	3	6	646	4	661	0.0	916
g1466.t1	sp|P41825|HSP71_ANOAL	68.380	642	195	6	8	646	4	640	0.0	916
g1466.t1	sp|P41826|HSP72_ANOAL	68.380	642	195	6	8	646	4	640	0.0	915
g1466.t1	sp|P41827|HSP74_ANOAL	68.224	642	196	6	8	646	4	640	0.0	914
g1466.t1	sp|Q00043|HSP70_AJECA	69.372	653	182	6	8	646	4	652	0.0	913
g1466.t1	sp|P87047|HSP71_PARBA	69.278	651	183	6	8	646	4	649	0.0	911
g1466.t1	sp|Q27031|HSP70_THEPA	70.787	623	179	2	8	629	5	625	0.0	911
g1466.t1	sp|P53623|HSP72_PICAN	72.050	644	173	3	7	646	3	643	0.0	910
g1466.t1	sp|P10592|HSP72_YEAST	70.479	647	174	5	7	646	3	639	0.0	909
g1466.t1	sp|P05456|HSP70_TRYCR	71.126	613	175	2	6	617	4	615	0.0	909
g1466.t1	sp|P10591|HSP71_YEAST	72.995	611	159	3	7	617	3	607	0.0	909
g1466.t1	sp|P11146|HSP7B_DROME	67.969	640	191	5	8	646	6	632	0.0	898
g1466.t1	sp|Q06248|HSP74_PARLI	66.096	643	213	3	4	646	2	639	0.0	894
g1466.t1	sp|O97125|HSP68_DROME	65.938	640	210	5	8	646	3	635	0.0	879
g1466.t1	sp|Q9BIR7|HSP75_DROME	65.798	652	197	6	8	646	3	641	0.0	878
g1466.t1	sp|Q9BIS2|HSP73_DROME	65.798	652	197	6	8	646	3	641	0.0	878
g1466.t1	sp|Q8INI8|HSP72_DROME	65.798	652	197	6	8	646	3	641	0.0	878
g1466.t1	sp|Q9GSU7|HSP71_DROSI	65.802	655	195	6	8	646	3	644	0.0	877
g1466.t1	sp|P02825|HSP71_DROME	66.003	653	195	6	8	646	3	642	0.0	877
g1466.t1	sp|P82910|HSP70_DROME	66.003	653	195	6	8	646	3	642	0.0	877
g1466.t1	sp|Q9VG58|HSP74_DROME	65.644	652	198	6	8	646	3	641	0.0	875
g1466.t1	sp|Q9GSU4|HSP72_DROSI	65.443	654	198	6	8	646	3	643	0.0	875
g1466.t1	sp|P91902|HSP70_CERCA	65.231	650	201	8	8	646	3	638	0.0	846
g1466.t1	sp|P14834|HSP70_LEIMA	76.953	512	116	2	8	518	6	516	0.0	809
g1466.t1	sp|Q5UQ49|HSP70_MIMIV	60.250	639	244	3	8	646	6	634	0.0	808
g1466.t1	sp|P19208|HSP7C_CAEBR	63.107	618	219	5	9	623	36	647	0.0	808
g1466.t1	sp|P27420|HSP7C_CAEEL	62.621	618	222	5	9	623	36	647	0.0	805
g1466.t1	sp|Q92260|HSP70_PENCI	75.105	478	113	4	136	612	1	473	0.0	721
g1466.t1	sp|Q5R511|HSPA9_PONAB	52.659	583	255	8	9	586	56	622	0.0	573
g1466.t1	sp|Q3ZCH0|HSPA9_BOVIN	52.487	583	256	8	9	586	56	622	0.0	572
g1466.t1	sp|P0CS90|HSP77_YEAST	49.436	621	282	10	9	617	33	633	0.0	572
g1466.t1	sp|P0CS91|HSP77_YEASX	49.436	621	282	10	9	617	33	633	0.0	572
g1466.t1	sp|P38646|HSPA9_HUMAN	52.487	583	256	8	9	586	56	622	0.0	572
g1466.t1	sp|P20030|HSP7C_TRYBB	50.253	593	279	8	6	591	4	587	0.0	569
g1466.t1	sp|P48721|HSPA9_RAT	52.144	583	258	8	9	586	56	622	0.0	568
g1466.t1	sp|O35501|HSPA9_CRIGR	51.973	583	259	8	9	586	56	622	0.0	568
g1466.t1	sp|P11141|HSP6_CAEEL	54.182	550	234	8	9	553	34	570	0.0	568
g1466.t1	sp|P38647|HSPA9_MOUSE	51.966	585	260	8	9	588	56	624	0.0	568
g1466.t1	sp|Q5ZM98|HSPA9_CHICK	52.144	583	258	8	9	586	58	624	0.0	564
g1466.t1	sp|Q5B0C0|HSP7M_EMENI	49.436	621	289	9	7	618	42	646	0.0	562
g1466.t1	sp|P29845|HSP7E_DROME	49.834	602	282	8	9	605	55	641	0.0	560
g1466.t1	sp|Q313S2|DNAK_OLEA2	49.349	614	288	9	7	616	3	597	0.0	555
g1466.t1	sp|Q01899|HSP7M_PHAVU	50.167	598	273	9	9	601	54	631	0.0	555
g1466.t1	sp|Q9LDZ0|HSP7J_ARATH	50.931	591	268	8	9	594	60	633	0.0	551
g1466.t1	sp|P22774|HSP7M_SCHPO	47.528	627	302	11	9	623	53	664	0.0	551
g1466.t1	sp|P22623|HSP72_PARLI	72.629	369	95	5	8	375	6	369	0.0	549
g1466.t1	sp|P39987|HSP7E_YEAST	47.504	621	294	10	9	617	30	630	0.0	549
g1466.t1	sp|P83784|HSP77_CANAL	48.960	625	293	10	9	624	34	641	0.0	548
g1466.t1	sp|P37900|HSP7M_PEA	48.860	614	285	10	9	617	55	644	0.0	547
g1472.t1	sp|Q9LEA3|LRK56_ARATH	39.394	198	118	2	420	615	323	520	7.97e-33	136
g1488.t1	sp|P24163|G3P_KLEAE	66.330	297	96	4	98	393	1	294	4.32e-140	404
g1498.t1	sp|A0A1D6HSP4|C92C5_MAIZE	26.519	543	370	12	3	532	1	527	2.70e-51	186
g1499.t1	sp|A0A1D6HSP4|C92C5_MAIZE	27.048	525	356	14	2	512	16	527	1.73e-50	184
g1518.t1	sp|Q9LEA3|LRK56_ARATH	41.919	198	112	2	1451	1646	323	519	1.38e-38	156
g1519.t1	sp|Q316U7|DNAJ_OLEA2	44.928	69	32	2	258	324	5	69	3.81e-07	55.8
g1525.t1	sp|Q30Y14|RL20_OLEA2	51.020	98	48	0	4	101	14	111	7.41e-28	101
g1527.t1	sp|Q9LEA3|LRK56_ARATH	39.698	199	109	4	436	627	321	515	1.83e-35	145
g1551.t1	sp|Q8LEA2|G2OX1_ARATH	29.582	311	191	11	43	332	8	311	3.43e-36	136
g1552.t1	sp|Q8LEA2|G2OX1_ARATH	30.844	308	186	10	53	347	18	311	2.06e-44	158
g1571.t1	sp|Q30WJ0|IF2_OLEA2	47.643	594	295	5	419	1011	406	984	1.02e-166	518
g1591.t1	sp|P0C2F6|RNHX1_ARATH	62.847	288	107	0	303	590	333	620	2.78e-129	395
g1592.t1	sp|Q312A8|NDK_OLEA2	39.552	134	78	1	33	166	3	133	2.21e-28	105
g1605.t1	sp|Q9LEA3|LRK56_ARATH	39.196	199	109	4	396	587	322	515	3.11e-36	147
g1607.t1	sp|Q30Z52|RL14_OLEA2	41.722	151	57	4	48	196	1	122	1.79e-24	95.9
g1645.t1	sp|Q30Y11|SYT_OLEA2	45.788	273	147	1	170	441	350	622	4.81e-75	250
g1660.t1	sp|Q30Y11|SYT_OLEA2	38.136	118	72	1	4	120	504	621	1.05e-20	89.7
g1684.t1	sp|Q9LEA3|LRK56_ARATH	39.196	199	112	5	550	741	315	511	7.25e-31	131
g1688.t1	sp|Q30ZH1|PTH_OLEA2	41.089	202	104	4	91	281	1	198	2.04e-42	155
g1733.t1	sp|P12679|PABB_KLEAE	24.631	203	149	3	304	503	249	450	3.29e-08	59.7
g1742.t1	sp|Q9LEA7|GL18_ARATH	46.544	217	104	5	13	218	7	222	2.13e-54	176
g1743.t1	sp|Q9LEA7|GL18_ARATH	43.578	218	109	5	13	218	7	222	3.86e-49	163
g1749.t1	sp|P0C2F6|RNHX1_ARATH	24.000	325	226	10	103	415	69	384	8.92e-13	73.9
g1766.t1	sp|Q9LYD3|DREB3_ARATH	45.652	92	50	0	3	94	42	133	5.23e-19	84.3
g1895.t1	sp|Q9LEA3|LRK56_ARATH	44.221	199	107	3	62	257	319	516	8.56e-45	164
g1956.t1	sp|Q9LEA3|LRK56_ARATH	36.269	193	119	2	398	586	323	515	9.43e-33	136
g1958.t1	sp|Q9LEA3|LRK56_ARATH	33.333	258	141	5	331	584	285	515	2.68e-34	141
g1959.t1	sp|Q9LEA3|LRK56_ARATH	40.206	194	110	4	376	564	323	515	6.13e-35	143
g1961.t1	sp|Q9LEA3|LRK56_ARATH	38.342	193	115	2	397	585	323	515	3.08e-34	141
g1963.t1	sp|Q9LEA3|LRK56_ARATH	38.342	193	115	2	392	580	323	515	5.65e-35	143
g1995.t1	sp|Q9LEA3|LRK56_ARATH	39.899	198	108	5	397	587	323	516	2.27e-34	141
g2000.t1	sp|Q30Y32|NADK_OLEA2	28.947	228	150	4	738	963	50	267	5.77e-23	103
